{"train_loss": [0.0003758612668510371, 0.000264643382656181, 0.00020490281329128065, 0.00027166167678337335, 0.00013967952953761496, 0.0001327757137106447, 6.9082741200272e-310, 6.90828060450677e-310, 6.90827424300605e-310, 0.0, 7.6888551e-316, 0.0, 0.0, 5e-324, 0.0, 1.1798296597994e-311, 0.0, 1.018557980266e-312, NaN, 0.0, 0.0, 0.0, 6.9080181356217e-310, 6.90828061578016e-310, 6.90828062505595e-310, 6.90801816008705e-310, 6.90801813607466e-310, 4.789496e-317, 6.9080181360557e-310, 0.0, 0.0, 0.0, 0.0, 0.0, 0.0, 0.0, 0.0, 0.0, 0.0, 0.0, 0.0, 0.0, 0.0, 0.0, 0.0, 0.0, 0.0, 0.0, 0.0, 0.0], "train_acc": [1.0, 1.0, 1.0, 1.0, 1.0, 1.0, 1.6976e-320, 1.265e-321, 1.6976e-320, 8.4e-322, 1.734e-320, 3.46e-322, 1.766e-320, 3.46e-322, 1.7974e-320, 3.46e-322, 1.834e-320, 8.4e-322, 1.834e-320, 1.265e-321, 1.834e-320, 1.69e-321, 1.7974e-320, 2.184e-321, 1.766e-320, 2.53e-321, 1.817e-320, 2.53e-321, 1.8755e-320, 1.86e-321, 1.8755e-320, 1.265e-321, 1.8755e-320, 6.77e-322, 1.817e-320, 0.0, 1.766e-320, 0.0, 1.7144e-320, 0.0, 1.656e-320, 6.77e-322, 1.656e-320, 1.265e-321, 1.656e-320, 1.86e-321, 1.7144e-320, 2.53e-321, 2.521025926e-315, 1.3961247739653e-309], "val_loss": [0.009458571987731071, 0.01137834093727482, 0.009712980718177278, 0.009541862537541116, 0.012924407958053052, 0.012378804328667078, 6.0, 7.0, 8.0, 9.0, 10.0, 11.0, 12.0, 13.0, 14.0, 15.0, 16.0, 17.0, 18.0, 19.0, 20.0, 21.0, 22.0, 23.0, 24.0, 25.0, 26.0, 27.0, 28.0, 29.0, 30.0, 31.0, 32.0, 33.0, 34.0, 35.0, 36.0, 37.0, 38.0, 39.0, 40.0, 41.0, 42.0, 43.0, 44.0, 45.0, 46.0, 47.0, 48.0, 49.0], "val_acc": [0.995398773006135, 0.995398773006135, 0.995398773006135, 0.995398773006135, 0.995398773006135, 0.995398773006135, 3.168e-320, 1.047e-321, 3.168e-320, 6.97e-322, 3.1936e-320, 3.46e-322, 3.2193e-320, 3.46e-322, 3.2505e-320, 3.46e-322, 3.2865e-320, 7.66e-322, 3.2865e-320, 1.126e-321, 3.2865e-320, 2.53e-321, 3.328e-320, 2.53e-321, 3.328e-320, 0.0, 3.2865e-320, 0.0, 3.2865e-320, 4.35e-322, 3.272e-320, 2.1e-322, 3.2346e-320, 0.0, 3.21e-320, 0.0, 3.169e-320, 0.0, 3.1264e-320, 5.3e-322, 3.227e-320, 2.53e-321, 1.74e-321, 1.6e-322, 2.613150117e-315, 1.3961247739653e-309, 2.1219959174e-314, 1.63e-322, 2.614615556e-315, 6.9082799400521e-310]}