{"train_loss": [0.11273926408547494, 0.00823432688937626, 0.0018353600357335785, 0.0007830142818016207, 0.0004578171792672947, 0.00038042704909457825, 0.00033421503637024824, 0.00022219959606041407, 0.00028227960744213004, 0.00015770238658458565, -5.512068140353514e-251, 6.94991194236113e-310, 6.94991194236113e-310, -2.2112366044694093e-66, 6.94991194527335e-310, 6.94991194527335e-310, -1.1226733176876326e-136, 6.9499122762064e-310, 6.9499122762064e-310, -5.491455823564028e-275, 6.9499029073447e-310, 6.9499029073447e-310, 3.4202891351155087e+295, 6.94990290734156e-310, 6.94990290734156e-310, -1.2585006503207916e+175, 6.94990289259706e-310, 6.94990289259706e-310, 0.0, 0.0, 0.0, 0.0, 0.0, 0.0, 0.0, 0.0, 0.0, 0.0, 0.0, 0.0, 2.0508630218023003e-09, 4e-322, 6.9501578227293e-310, 6.9501578227293e-310, 6.266432892889177e-10, 3.195548808777867e-10, 1.9885662479718295e-10, 1.5984449788099754e-10, 1.2869378824028101e-09, 3.6692679871401074e-09], "train_acc": [0.9606938954765042, 0.9982433025911287, 1.0, 1.0, 1.0, 1.0, 1.0, 1.0, 1.0, 1.0, 4.4e-323, 6.94990290809525e-310, 1.62724394e-316, 2.779190698987287e-06, 0.0, NaN, 0.0, 1.107378722053909e-08, 3.56e-322, 5.4e-323, 6.94990290809525e-310, 1.62724473e-316, 2.5e-323, 5e-323, NaN, 0.0, 9.245303544958007e-08, 7.1e-322, 5.4e-323, 6.94990290809525e-310, 1.62725224e-316, NaN, 6e-323, NaN, 0.0, 2.213759842106811e-09, 1.067e-321, 5.4e-323, 6.94990290809525e-310, 1.62725303e-316, 2.8840499800671086e-06, 7e-323, NaN, 0.0, 1.752990783643327e-07, 1.423e-321, 5.4e-323, 6.94990290809525e-310, 1.6272538e-316, 0.0], "val_loss": [0.00045043651151693674, 0.00022356555671459693, 0.00022317135693688243, 0.00020656118489390503, 0.00020390130655177258, 0.0002010275188053564, 0.00021674545239685732, 0.00020993128740314418, 0.00022086122646739284, 0.00019153541181110806, 1.0263389868775265e+243, 1.1399021521975107e-94, 6.013470016991607e-154, 6.013470016999068e-154, 6.013470016999068e-154, 6.013470016999068e-154, 4.615595630919987e+281, 1.123200393951256e+219, 5.981492571002302e-154, 6.013470016999068e-154, 6.013470016999068e-154, 6.013470016999068e-154, 2.5944132489009126e+161, 2.6428013658035076e+180, 4.977459356910225e+151, 1.1563467397891729e-259, 6.013470016999068e-154, 6.013470016999068e-154, 6.013470016999068e-154, 2.3090818218190007e+251, 3.44981338915856e+175, 6.694334802022943e+151, 1.1563467397891729e-259, 6.013470016999068e-154, 6.013470016999068e-154, 6.013470016999068e-154, 2.914471001903232e+222, 7.093795374293961e+194, 2.4356772558056646e-154, 6.013470016999068e-154, 6.013470016999068e-154, 6.013470016999068e-154, 6.980713064201865e+194, 5.298748637418687e+180, 8.477036602439297e-53, 6.013470015088901e-154, 6.013470016999068e-154, 6.013470016999068e-154, 6.013470016999068e-154, 3.4016622921592095e+233], "val_acc": [0.9831288343558282, 0.995398773006135, 0.9923312883435583, 0.9923312883435583, 0.995398773006135, 0.995398773006135, 0.99079754601227, 0.995398773006135, 0.9938650306748467, 0.995398773006135, 5e-324, 2.134e-321, 3.5e-323, 6.9499029080953e-310, 1.62725876e-316, 0.0, 8e-323, NaN, 6.94989263686696e-310, 5e-324, 6.94990290809525e-310, 0.0, 0.0, 0.0, 0.0, 0.0, 0.0, 0.0, 0.0, 0.0, 6.94990290809525e-310, 0.0, 6.94990290809525e-310, 0.0, 6.94990290809525e-310, 0.0, 6.94990290809525e-310, 0.0, 2.49e-321, 1e-323, 6.9499029080953e-310, 1.6272562e-316, 0.0, 8e-323, NaN, 0.0, 6.9497484149904e-310, 3.557e-321, 4.4e-323, 6.94990290809535e-310]}